得物名,始祖鸟官网名,title_keywords,size,type,gender,得物价12.19(黑色款),color_name,备注,price,raw_price,Percentage,savingsPercentage,status,Link,,,,,,,,,
Aerios FL 2 Mid GTX,AERIOS FL 2 MID GTX SHOE,Aerios/FL 2/Mid/GTX,8/8.5/9/9.5/10,shoe,M,1579,black,,,,,,,,,,,,,,,,
Aerios FL GTX,AERIOS GTX SHOE,Aerios/FL 2/GTX/Hiking/Shoes,8/8.5/9/9.5/10,shoe,M,1669,Black Sapphire,*The Aerios GTX Shoe was previously the Aerios FL 2 GTX Shoe ,,,,,,,,,,,,,,,
Aerios FL 2 GTX Shoe ,Aerios FL 2 GTX Shoe ,Aerios FL 2 GTX Shoe ,8/8.5/9/9.5/10,shoe,M,1548,,,,,,,,,,,,,,,,,
Konseal FL 2 GTX,KONSEAL FL 2 LEATHER GTX SHOE,KONSEAL FL 2 LEATHER GTX SHOE,8/8.5/9/9.5/10,shoe,M,1459,black,,,,,,,,,,,,,,,,
Konseal FL 2,Konseal FL 2 shode,Konseal FL 2 shode,8/8.5/9/9.5/10,shoe,M,1259,,,,,,,,,,,,,,,,,
Acrux TR GTX,ACRUX TR GTX BOOT MEN'S,ACRUX TR GTX BOOT MEN'S,8/8.5/9/9.5/10,shoe,M,2299,black,,,,,,,,,,,,,,,,
Norvan LD 3,Norvan LD 3 shoe,Norvan LD 3 shoe,8/8.5/9/9.5/10,shoe,M,1419,,,,,,,,,,,,,,,,,
,,,,,,,,,,,,,,,,,,,,,,,
Cerium Hoody,Cerium Hoody,Cerium/Hoody,M/L/XL,cloth,M,2989,Black Sapphire/Black/lucent/void/,*The Cerium Hoody was previously the Cerium LT Hoody,,,,,,,,,,,,,,,
Cerium Jacket,Cerium Jacket,Cerium Jacket,M/L/XL,cloth,M,3599,Black Sapphire/Black/Habitat/oracle,*The Cerium Jacket was previously the Cerium LT Jacket,,,,,,,,,,,,,,,
Cerium Vest,Cerium Vest,Cerium/Vest,M/L/XL,cloth,M,2019,Black Sapphire/Black,,,,,,,,,,,,,,,,
,,,,,,,,,,,,,,,,,,,,,,,
Kyanite Jacket ,Kyanite Jacket ,Kyanite/Jacket ,M/L/XL,cloth,M,1589,,*The Kyanite Jacket was previously the Kyanite AR Jacket,,,,,,,,,,,,,,,
Kyanite Jacket LT,KYANITE LIGHTWEIGHT JACKET,KYANITE LIGHTWEIGHT JACKET,M/L/XL,cloth,M,1329,,,,,,,,,,,,,,,,,
KYANITE HOODY,KYANITE HOODY,KYANITE HOODY,M/L/XL,cloth,M,1519,,*The Kyanite Hoody was previously the Kyanite AR Hoody,,,,,,,,,,,,,,,
KYANITE LIGHTWEIGHT HOODY,KYANITE LIGHTWEIGHT HOODY,KYANITE LIGHTWEIGHT HOODY,M/L/XL,cloth,M,1549,,,,,,,,,,,,,,,,,
,,,,,,,,,,,,,,,,,,,,,,,
Gamma Pant,Gamma Pant,gamma pant,M/L/XL,pant,M,1119,,,,,,,,,,,,,,,,,
Gamma LT Pant,Gamma lightweight Pant,Gamma lightweight Pant,M/L/XL,pant,M,1309,,,,,,,,,,,,,,,,,
GAMMA AR PANT MEN'S,GAMMA AR PANT MEN'S,GAMMA AR PANT MEN'S,M/L/XL,pant,M,1819,,,,,,,,,,,,,,,,,
GAMMA MX PANT,GAMMA MX PANT,GAMMA MX PANT,M/L/XL,pant,M,2739,,,,,,,,,,,,,,,,,
Gamma MX Hoody,Gamma MX Hoody,Gamma MX Hoody,M/L/XL,cloth,M,3269,,,,,,,,,,,,,,,,,
GAMMA HOODY ,GAMMA HOODY ,GAMMA HOODY ,M/L/XL,cloth,M,1899,,*The Gamma Hoody was previously the Gamma LT Hoody.,,,,,,,,,,,,,,,
,,,,,,,,,,,,,,,,,,,,,,,
Venta gloves,Venta gloves,Venta gloves,M/L/XL,accessories,M,549,black/,,,,,,,,,,,,,,,,
gothic gloves,gothic gloves,gothic gloves,M/L/XL,accessories,M,429,black,,,,,,,,,,,,,,,,
RHO LIGHTWEIGHT WOOL NECK GAITER,RHO LIGHTWEIGHT WOOL NECK GAITER,RHO LIGHTWEIGHT WOOL NECK GAITER,,accessories,,619,black,,,,,,,,,,,,,,,,
RHO NECK GAITER LONG,RHO NECK GAITER LONG,RHO NECK GAITER LONG,,accessories,,519,black,,,,,,,,,,,,,,,,
RHO LIGHTWEIGHT WOOL TOQUE,RHO LIGHTWEIGHT WOOL TOQUE,Arc'teryx Rho Lightweight Wool Beanie,,accessories,,439,,,,,,,,,,,,,,,,,
BIRD HEAD TOQUE,BIRD HEAD TOQUE,BIRD HEAD TOQUE,,accessories,,569,,,,,,,,,,,,,,,,,
BIRD WORD TOQUE,BIRD WORD TOQUE,BIRD WORD TOQUE,,accessories,,599,Orca,,,,,,,,,,,,,,,,
GROTTO TOQUE,GROTTO TOQUE,GROTTO TOQUE,,accessories,,642,Arctic Silk/Warm Stone/Bordeaux/Turbo AC ,,,,,,,,,,,,,,,,
,,,,,,,,,,,,,,,,,,,,,,,
,,,,,,,,,,,,,,,,,,,,,,,
COVERT 1/2 ZIP NECK MEN'S,COVERT 1/2 ZIP NECK MEN'S,COVERT 1/2 ZIP NECK MEN'S,M/L/XL,cloth,M,1409,,,,,,,,,,,,,,,,,
COVERT CARDIGAN MEN'S,COVERT CARDIGAN MEN'S,COVERT CARDIGAN MEN'S,M/L/XL,cloth,M,1429,,Arctic Silk Heather/Black Heather II/Black Sapphire Heather/Black Heather,,,,,,,,,,,,,,,
,,,,,,,,,,,,,,,,,,,,,,,
RHO HEAVYWEIGHT ZIP NECK,RHO HEAVYWEIGHT ZIP NECK,RHO HEAVYWEIGHT ZIP NECK,M/L/XL,cloth,M,1449,,The Rho Heavyweight Zip Neck was previously the Rho AR Zip Neck.,,,,,,,,,,,,,,,
RHO Lt Zip,RHO LT ZIP NECK MEN'S,Rho LT Zip-Neck Base Layer Top - Men's,M/L/XL,cloth,M,1249,,,,,,,,,,,,,,,,,
RHO LT BOTTOM MEN'S,RHO LT BOTTOM MEN'S,RHO LT BOTTOM MEN'S,M/L/XL,pant,M,829,,,,,,,,,,,,,,,,,
RHO HEAVYWEIGHT BOTTOM MEN'S,RHO HEAVYWEIGHT BOTTOM MEN'S,RHO HEAVYWEIGHT BOTTOM MEN'S,M/L/XL,pant,M,1099,,*The Rho Heavyweight Bottom was previously the Rho AR Bottom.,,,,,,,,,,,,,,,
,,,,,,,,,,,,,,,,,,,,,,,
ATOM HOODY MEN'S / LT,ATOM HOODY MEN'S,atom,M/L/XL,cloth,M,1809,,*The Atom Hoody was previously the Atom LT Hoody,,,,,,,,,,,,,,,
ATOM JACKET MEN'S,ATOM JACKET MEN'S,atom,M/L/XL,cloth,M,1949,,*The Atom Jacket was previously the Atom LT Jacket,,,,,,,,,,,,,,,